{
"BR_hbb"                         : [[1.0126]],
"PS"                       : [[0.920,	0.919,	0.723,0.977,	0.927,	0.847,	0.840],[0.971,	0.841,	0.409,0.750,	0.804,	0.940,0.5]],
"UE"                       : [[0.959,	1.003,	0.933, 1.003,	0.947,	1.015,	1.001]],
"CMS_scale_j_ACCEPT_13TeV"         : [[ 1.05320,	1.06443,	1.08491,		1.05995,	1.07282,	1.08778	,1.11804	],[ 	1.06381	,1.07742,	1.08524	,	1.09118	,1.11929,	1.14959,	1.13698]],
"CMS_res_j_ACCEPT_13TeV"           : [[ 1.00270,	1.00551,	1.00866	,	1.00283,	1.00222,	1.00481,	1.01172	],[ 	1.00643,	1.00905,	1.00804,		1.00717,	1.01047,	1.01281,	0.99325]],
"CMS_qqH_hbb_trigger_13TeV"        : [[ 1.05515,	1.06386,	1.07338,  1.02672 , 1.02584 , 1.02347 , 1.01962  ],[1.06455	,1.07266	,1.07301, 1.02556 , 1.02141 , 1.01813 , 1.01358]],
"QCDscale_qqH_ACCEPT"       : [[1.010,	1.008,	1.006,0.991,	0.991,	0.983,	0.975]],
"pdf_qqH_ACCEPT"            : [[1.004,1.004,1.014,1.008,1.007,1.008,1.012]],
"pdf_Higgs_qqbar"                  : [[1.021]],
"QCDscale_qqH"               : [[1.004]],
"QCDscale_ggH_ACCEPT"       : [[ 0.843,	0.849,	0.829,	0.833,	0.835,	0.835,	0.80889  ]],
"pdf_ggH_ACCEPT"            : [[1.009, 1.008,	1.010,1.013,1.016,1.012,	1.023]],
"pdf_Higgs_gg"                     : [[1.03]],
"QCDscale_ggH"               : [[1.080]],
"CMS_vbfbb_pu_unc_13TeV"                     : [[0.996,	0.998,	0.999, 0.993,	0.994,	0.997,	0.991],[0.997,	1.005,	0.996,0.993,	0.989,	0.994,	1.016]],
"CMS_vbfbb_bTagJES_13TeV"                    :[[ 	0.99983,	0.99997,	0.99986,		0.99813,	0.99840,	0.99842,	0.99825	],[ 	0.99873,	0.99916,	0.99915,		0.99766,	0.99707,	0.99706,	0.99707	]],
"CMS_vbfbb_bTagLF_13TeV"                     : [[ 	1.03142,	1.03198,	1.03225,		1.02976	,1.03050	,1.03069,	1.03100	],[ 	1.03103,	1.03184,	1.03148,		1.02986,	1.02984,	1.03006,	1.03078	]],
"CMS_vbfbb_bTagHF_13TeV"                     :[[ 	0.99964,	0.99995,	0.99994	,	0.99977,	0.99987,	0.99980	,0.99981	],[ 	0.99940,	0.99904,	1.00000,		0.99901,	1.00000	,1.00000	,1.00000	]],
"CMS_vbfbb_bTagLFStats1_13TeV"               : [[ 	0.99992,	0.99998	,0.99999	,	0.99995,	0.99997,	0.99995,	0.99996	],[ 	0.99989,	0.99980,	1.00000	,	0.99979,	1.00000,	1.00000,	1.00000	]],
"CMS_vbfbb_bTagLFStats2_13TeV"               : [[ 	1.00004,	1.00001,	1.00001,		1.00003,	1.00001,	1.00003,	1.00002	],[ 	1.00006,	1.00010,	1.00000	,	1.00011,	1.00000,	1.00000,	1.00000	]],
"CMS_vbfbb_bTagHFStats1_13TeV"               : [[ 	0.99056,	0.99115,	0.99184	,	0.99029,	0.99058,	0.99103,	0.99196	],[ 	0.99106,	0.99144,	0.99276	,	0.99087,	0.99133,	0.99133,	0.99257	]],
"CMS_vbfbb_bTagHFStats2_13TeV"               : [[ 	1.00145,	1.00088,	1.00016	,	1.00171,	1.00140,	1.00100,	1.00009	],[ 	1.00100,	1.00053,	0.99934	,	1.00122,	1.00065,	1.00066,	0.99940	]],
"CMS_vbfbb_bTagCErr1_13TeV"                  : [[ 	0.99908,	0.99949,	0.99993	,	0.99968,	0.99983,	0.99992,	0.99977	],[ 	0.99877,	0.99928,	0.99718,		0.99957,	1.00000,	1.00000,	1.00000	]],
"CMS_vbfbb_bTagCErr2_13TeV"                  : [[ 	1.00011,	1.00009,	1.00002	,	1.00005,	1.00002,	1.00002,	1.00006	],[ 	1.00020,	1.00019,	1.00069	,	1.00005,	1.00000,	1.00000	,1.00000	]],
"QGL_vbfbb"							:	[[0.93421,	0.91831,	0.91032,0.96396,	0.96031,	0.96098,	0.96822],[0.92005,	0.87345,	0.83593,0.97639,	0.94539,	0.92289,0.94954]],
"lumi_13TeV_2016"                       : [[1.025],[1.025]],
"qcd_norm"                   : 1.5,
"zjets_norm"                 : 1.3,
"top_norm"                   : 1.3,
"CMS_vbfbb_scale_mbb_selsingle_13TeV_2016" : [1.0,0.015],
"CMS_vbfbb_scale_mbb_seldouble_13TeV_2016" : [1.0,0.015],
"CMS_vbfbb_res_mbb_selsingle_13TeV_2016"   : [1.0,0.035],
"CMS_vbfbb_res_mbb_seldouble_13TeV_2016"   : [1.0,0.035]
}
